state,mae,rmse,max_abs_error
x,2.59110146734236e-06,3.280466746990042e-06,5.933976542582542e-06
y,4.679167013330124e-06,5.60201481231471e-06,1.0384421130660293e-05
z,9.229056390230744e-06,1.0802824358787303e-05,1.8857927045035083e-05
combined_l2,1.1317730842967657e-05,1.260337439586356e-05,2.1522583689503e-05
