state,mae,rmse,max_abs_error
x,5.004590119059662e-06,5.9838422258679195e-06,1.080692811061823e-05
y,1.0649153500428533e-05,1.2274747006819562e-05,2.1402622477628697e-05
z,7.399693519663117e-06,8.382485265940082e-06,1.414622182616121e-05
combined_l2,1.522977678582754e-05,1.6023165763955895e-05,2.335792921326821e-05
